{"loss": [29.512075424194336, 3.6482534408569336, 3.6486446857452393, 3.638824224472046, 3.6388044357299805, 3.6388463973999023, 3.6389386653900146, 3.6388704776763916, 3.638871669769287, 3.6388542652130127], "accuracy": [0.02724233642220497, 0.027228109538555145, 0.027185432612895966, 0.027640657499432564, 0.026772886514663696, 0.02691514417529106, 0.026986273005604744, 0.027441496029496193, 0.027484172955155373, 0.0274983998388052], "val_loss": [3.638699769973755, 3.638742685317993, 3.638810157775879, 3.6389904022216797, 3.6388869285583496, 3.6387813091278076, 3.638685941696167, 3.638794422149658, 3.638913631439209, 3.6389496326446533], "val_accuracy": [0.028625085949897766, 0.028625085949897766, 0.028625085949897766, 0.028625085949897766, 0.028625085949897766, 0.028625085949897766, 0.028625085949897766, 0.028625085949897766, 0.028625085949897766, 0.028625085949897766]}